score_adjusted,bubble_rating,views,location_grade,amenity_count,time_to_booking,Actual_Segment,Predicted_Segment
4.65217391304348,4.5,0,100.0,16,10,High-Price Hotels,High-Price Hotels
4.625,4.5,0,100.0,41,8,High-Price Hotels,High-Price Hotels
4.2962962962963,4.5,0,78.0,8,19,Low-Price Hotels,Low-Price Hotels
4.95714285714286,5.0,0,100.0,15,30,Low-Price Hotels,Low-Price Hotels
3.22222222222222,3.0,0,100.0,22,10,Mid-Price Hotels,Mid-Price Hotels
5.0,5.0,0,46.0,1,12,Low-Price Hotels,Low-Price Hotels
4.61977186311787,4.5,0,100.0,30,8,High-Price Hotels,High-Price Hotels
4.21290322580645,4.0,3,100.0,28,27,Mid-Price Hotels,Mid-Price Hotels
4.67729521715228,4.5,11,100.0,54,15,High-Price Hotels,High-Price Hotels
4.41739130434783,4.5,0,89.0,33,6,High-Price Hotels,High-Price Hotels
4.35890410958904,4.5,9,100.0,34,6,High-Price Hotels,High-Price Hotels
4.09606986899563,4.0,0,100.0,29,6,High-Price Hotels,High-Price Hotels
4.26893939393939,4.5,0,100.0,14,20,Mid-Price Hotels,Mid-Price Hotels
2.25,2.5,0,100.0,7,10,Low-Price Hotels,Low-Price Hotels
4.28571428571429,4.5,0,100.0,18,7,High-Price Hotels,High-Price Hotels
3.75,4.0,0,92.0,17,9,Mid-Price Hotels,High-Price Hotels
4.8768115942029,5.0,0,96.0,19,13,High-Price Hotels,High-Price Hotels
4.52941176470588,4.5,0,100.0,34,22,Mid-Price Hotels,Mid-Price Hotels
4.96542553191489,5.0,0,100.0,38,20,High-Price Hotels,High-Price Hotels
5.0,5.0,0,100.0,12,28,Low-Price Hotels,Low-Price Hotels
3.52777777777778,3.5,0,41.0,40,20,Low-Price Hotels,Low-Price Hotels
4.01027397260274,4.0,0,100.0,26,5,High-Price Hotels,High-Price Hotels
4.62166405023548,4.5,5,100.0,60,14,High-Price Hotels,High-Price Hotels
5.0,5.0,0,55.0,1,28,Low-Price Hotels,Low-Price Hotels
4.5,4.5,0,54.0,28,24,Low-Price Hotels,Low-Price Hotels
4.6,4.5,0,74.0,19,30,Low-Price Hotels,Low-Price Hotels
4.94237588652482,5.0,0,86.0,15,16,Mid-Price Hotels,Mid-Price Hotels
4.71034482758621,4.5,0,100.0,27,8,High-Price Hotels,High-Price Hotels
4.64791901012373,4.5,10,100.0,36,17,High-Price Hotels,High-Price Hotels
2.91304347826087,3.0,0,100.0,0,9,Mid-Price Hotels,Mid-Price Hotels
3.97385620915033,4.0,0,100.0,28,3,High-Price Hotels,High-Price Hotels
3.83870967741935,4.0,0,100.0,7,1,High-Price Hotels,High-Price Hotels
3.94158075601375,4.0,0,100.0,15,2,High-Price Hotels,High-Price Hotels
4.1156852527358,4.0,0,96.0,45,15,High-Price Hotels,High-Price Hotels
4.38202247191011,4.5,0,100.0,14,20,Mid-Price Hotels,Mid-Price Hotels
4.41666666666667,4.5,0,100.0,8,11,High-Price Hotels,Mid-Price Hotels
3.91129032258065,4.0,0,93.0,40,6,High-Price Hotels,High-Price Hotels
4.14285714285714,4.0,0,100.0,4,22,Low-Price Hotels,Low-Price Hotels
5.0,5.0,0,89.0,24,19,Mid-Price Hotels,Mid-Price Hotels
3.75,4.0,0,100.0,11,4,High-Price Hotels,High-Price Hotels
4.0,4.0,0,100.0,0,8,Mid-Price Hotels,Mid-Price Hotels
4.6,4.5,0,91.0,17,29,Low-Price Hotels,Low-Price Hotels
5.0,5.0,0,98.0,11,13,High-Price Hotels,High-Price Hotels
3.66666666666667,3.5,0,56.0,16,22,Low-Price Hotels,Low-Price Hotels
4.35294117647059,4.5,0,43.0,13,14,Low-Price Hotels,Low-Price Hotels
4.07575757575758,4.0,0,100.0,19,25,Low-Price Hotels,Low-Price Hotels
4.03571428571429,4.0,0,100.0,8,13,Mid-Price Hotels,Mid-Price Hotels
4.04624277456647,4.0,0,100.0,35,3,High-Price Hotels,High-Price Hotels
4.51818181818182,4.5,0,100.0,28,30,Low-Price Hotels,Low-Price Hotels
4.45454545454545,4.5,0,100.0,25,8,High-Price Hotels,High-Price Hotels
3.5,3.5,0,100.0,0,12,Mid-Price Hotels,Mid-Price Hotels
4.53571428571429,4.5,0,100.0,21,13,High-Price Hotels,High-Price Hotels
4.22222222222222,4.0,0,100.0,38,18,High-Price Hotels,High-Price Hotels
4.26797385620915,4.5,0,100.0,18,14,Mid-Price Hotels,Mid-Price Hotels
4.57142857142857,4.5,0,39.0,51,10,Mid-Price Hotels,Low-Price Hotels
1.0,1.0,0,100.0,0,30,Low-Price Hotels,Low-Price Hotels
1.0,1.0,0,100.0,8,14,Low-Price Hotels,Low-Price Hotels
4.26,4.5,0,93.0,13,22,Low-Price Hotels,Mid-Price Hotels
4.48407643312102,4.5,0,100.0,6,17,Mid-Price Hotels,Mid-Price Hotels
3.87469879518072,4.0,5,100.0,22,7,High-Price Hotels,High-Price Hotels
4.04545454545455,4.0,0,100.0,12,17,Mid-Price Hotels,Mid-Price Hotels
4.0,4.0,0,87.0,0,25,Low-Price Hotels,Low-Price Hotels
4.59259259259259,4.5,0,100.0,12,5,High-Price Hotels,High-Price Hotels
3.90909090909091,4.0,0,100.0,13,21,Low-Price Hotels,Low-Price Hotels
4.0,4.0,0,99.0,9,2,High-Price Hotels,High-Price Hotels
4.74191634529813,4.5,0,100.0,64,9,High-Price Hotels,High-Price Hotels
3.24137931034483,3.0,0,100.0,7,22,Low-Price Hotels,Low-Price Hotels
4.79785330948122,5.0,2,100.0,19,4,High-Price Hotels,High-Price Hotels
4.75,5.0,0,100.0,25,25,Mid-Price Hotels,Mid-Price Hotels
3.05,3.0,0,87.0,17,30,Low-Price Hotels,Low-Price Hotels
2.66666666666667,2.5,0,89.0,1,9,Low-Price Hotels,Mid-Price Hotels
4.5,4.5,0,85.0,0,11,Mid-Price Hotels,Mid-Price Hotels
4.76595744680851,5.0,0,98.0,28,27,Mid-Price Hotels,Mid-Price Hotels
4.62790697674419,4.5,0,100.0,17,12,High-Price Hotels,High-Price Hotels
4.4,4.5,0,100.0,0,14,Mid-Price Hotels,Mid-Price Hotels
4.27868852459016,4.5,0,100.0,34,29,Low-Price Hotels,Low-Price Hotels
3.38888888888889,3.5,0,100.0,6,15,Mid-Price Hotels,Low-Price Hotels
3.0,3.0,0,100.0,30,23,Low-Price Hotels,Low-Price Hotels
3.16666666666667,3.0,0,100.0,15,7,Mid-Price Hotels,Mid-Price Hotels
4.35384615384615,4.5,0,100.0,14,17,Mid-Price Hotels,Mid-Price Hotels
4.63636363636364,4.5,0,64.0,22,12,Mid-Price Hotels,Mid-Price Hotels
4.84,5.0,0,100.0,32,11,High-Price Hotels,High-Price Hotels
4.3695652173913,4.5,0,100.0,24,12,High-Price Hotels,High-Price Hotels
5.0,5.0,0,100.0,10,17,Mid-Price Hotels,Mid-Price Hotels
2.5,2.5,0,100.0,5,30,Low-Price Hotels,Low-Price Hotels
4.01533154465312,4.0,9,100.0,45,10,High-Price Hotels,High-Price Hotels
3.88,4.0,0,71.0,17,18,Low-Price Hotels,Low-Price Hotels
3.20731707317073,3.0,0,91.0,9,11,Mid-Price Hotels,Mid-Price Hotels
4.61153846153846,4.5,0,100.0,18,14,High-Price Hotels,High-Price Hotels
4.0,4.0,0,100.0,1,21,Low-Price Hotels,Low-Price Hotels
5.0,5.0,0,100.0,10,3,High-Price Hotels,High-Price Hotels
4.8,5.0,0,100.0,31,14,High-Price Hotels,High-Price Hotels
4.65384615384615,4.5,0,95.0,12,17,Mid-Price Hotels,Mid-Price Hotels
3.45,3.5,0,100.0,12,10,Mid-Price Hotels,Mid-Price Hotels
1.6,1.5,0,100.0,5,28,Low-Price Hotels,Low-Price Hotels
3.02380952380952,3.0,0,100.0,10,10,Mid-Price Hotels,Mid-Price Hotels
2.125,2.0,0,100.0,3,28,Low-Price Hotels,Low-Price Hotels
3.14333706606943,3.0,6,100.0,21,16,Mid-Price Hotels,Mid-Price Hotels
4.8,5.0,0,100.0,19,24,Mid-Price Hotels,Mid-Price Hotels
4.97872340425532,5.0,0,100.0,6,19,Mid-Price Hotels,Mid-Price Hotels
3.96774193548387,4.0,0,100.0,17,19,Mid-Price Hotels,Mid-Price Hotels
3.90052816901408,4.0,0,100.0,23,6,High-Price Hotels,High-Price Hotels
4.0,4.0,0,100.0,3,23,Low-Price Hotels,Low-Price Hotels
4.28571428571429,4.5,0,98.0,0,26,Low-Price Hotels,Low-Price Hotels
4.78571428571429,5.0,0,100.0,23,8,High-Price Hotels,High-Price Hotels
3.03571428571429,3.0,0,74.0,15,29,Low-Price Hotels,Low-Price Hotels
4.6271186440678,4.5,0,100.0,26,23,Mid-Price Hotels,Mid-Price Hotels
4.61889250814332,4.5,12,100.0,25,11,High-Price Hotels,High-Price Hotels
3.2,3.0,0,58.0,1,8,Low-Price Hotels,Low-Price Hotels
4.75510204081633,5.0,0,100.0,30,16,High-Price Hotels,High-Price Hotels
1.25,1.5,0,100.0,0,18,Low-Price Hotels,Low-Price Hotels
4.66666666666667,4.5,0,100.0,14,27,Low-Price Hotels,Low-Price Hotels
3.59459459459459,3.5,0,57.0,2,7,Low-Price Hotels,Low-Price Hotels
4.64814814814815,4.5,0,100.0,22,11,High-Price Hotels,High-Price Hotels
4.57142857142857,4.5,0,84.0,7,5,High-Price Hotels,High-Price Hotels
3.64539007092199,3.5,0,100.0,91,30,Mid-Price Hotels,Mid-Price Hotels
3.80232558139535,4.0,0,85.0,51,8,High-Price Hotels,High-Price Hotels
4.5,4.5,0,100.0,0,10,Mid-Price Hotels,Mid-Price Hotels
4.58620689655172,4.5,0,82.0,14,20,Low-Price Hotels,Low-Price Hotels
1.33333333333333,1.5,0,100.0,14,27,Low-Price Hotels,Low-Price Hotels
4.625,4.5,0,91.0,4,12,Mid-Price Hotels,Mid-Price Hotels
3.50649350649351,3.5,0,100.0,24,11,Mid-Price Hotels,Mid-Price Hotels
3.8474025974026,4.0,0,100.0,23,26,Low-Price Hotels,Low-Price Hotels
4.0,4.0,0,100.0,12,29,Low-Price Hotels,Low-Price Hotels
4.29032258064516,4.5,0,100.0,16,26,Low-Price Hotels,Low-Price Hotels
4.90476190476191,5.0,0,98.0,23,3,High-Price Hotels,High-Price Hotels
3.9375,4.0,0,100.0,11,1,High-Price Hotels,High-Price Hotels
2.45238095238095,2.5,0,82.0,10,26,Low-Price Hotels,Low-Price Hotels
5.0,5.0,0,89.0,0,10,Mid-Price Hotels,Mid-Price Hotels
3.5,3.5,0,100.0,16,25,Low-Price Hotels,Low-Price Hotels
4.0,4.0,0,100.0,12,29,Low-Price Hotels,Low-Price Hotels
4.63368669022379,4.5,9,100.0,51,9,High-Price Hotels,High-Price Hotels
4.56862745098039,4.5,0,100.0,33,6,High-Price Hotels,High-Price Hotels
4.5,4.5,0,36.0,28,9,Low-Price Hotels,Low-Price Hotels
4.75581395348837,5.0,0,100.0,14,26,Low-Price Hotels,Mid-Price Hotels
4.72560975609756,4.5,0,100.0,17,7,High-Price Hotels,High-Price Hotels
5.0,5.0,0,100.0,19,4,High-Price Hotels,High-Price Hotels
4.77459874389393,5.0,7,95.0,25,2,High-Price Hotels,High-Price Hotels
4.55555555555556,4.5,0,75.0,16,12,Mid-Price Hotels,High-Price Hotels
3.26315789473684,3.5,0,100.0,16,19,Low-Price Hotels,Low-Price Hotels
1.88888888888889,2.0,0,100.0,2,2,Mid-Price Hotels,Mid-Price Hotels
4.45394736842105,4.5,0,100.0,27,9,High-Price Hotels,High-Price Hotels
5.0,5.0,0,57.0,5,13,Low-Price Hotels,Low-Price Hotels
4.92307692307692,5.0,0,100.0,35,1,High-Price Hotels,High-Price Hotels
3.5,3.5,0,100.0,0,6,Mid-Price Hotels,Mid-Price Hotels
2.0,2.0,0,89.0,0,12,Low-Price Hotels,Low-Price Hotels
3.6,3.5,0,56.0,0,13,Low-Price Hotels,Low-Price Hotels
5.0,5.0,0,100.0,14,8,High-Price Hotels,High-Price Hotels
1.0,1.0,0,100.0,0,5,Low-Price Hotels,Low-Price Hotels
3.66666666666667,3.5,0,100.0,6,22,Low-Price Hotels,Low-Price Hotels
4.49049429657795,4.5,0,100.0,18,9,High-Price Hotels,High-Price Hotels
4.38837920489297,4.5,0,100.0,0,26,Low-Price Hotels,Low-Price Hotels
4.44444444444444,4.5,0,100.0,15,18,Mid-Price Hotels,Mid-Price Hotels
4.09704641350211,4.0,0,100.0,24,5,High-Price Hotels,High-Price Hotels
4.51063829787234,4.5,0,100.0,21,26,Mid-Price Hotels,Low-Price Hotels
4.76785714285714,5.0,0,100.0,5,20,Mid-Price Hotels,Mid-Price Hotels
4.41428571428571,4.5,0,99.0,43,3,High-Price Hotels,High-Price Hotels
4.27272727272727,4.5,0,100.0,11,19,Mid-Price Hotels,Mid-Price Hotels
4.49367088607595,4.5,0,77.0,17,24,Low-Price Hotels,Low-Price Hotels
4.62727272727273,4.5,0,96.0,37,11,High-Price Hotels,High-Price Hotels
2.33333333333333,2.5,0,92.0,0,10,Low-Price Hotels,Low-Price Hotels
4.69512195121951,4.5,0,100.0,8,16,Mid-Price Hotels,Mid-Price Hotels
4.66081871345029,4.5,0,100.0,20,22,Mid-Price Hotels,Mid-Price Hotels
4.50722145804677,4.5,2,100.0,28,5,High-Price Hotels,High-Price Hotels
4.0,4.0,0,100.0,20,30,Low-Price Hotels,Low-Price Hotels
4.76712328767123,5.0,0,100.0,18,12,High-Price Hotels,High-Price Hotels
1.5,1.5,0,100.0,32,7,Mid-Price Hotels,Mid-Price Hotels
2.6875,2.5,0,96.0,12,19,Low-Price Hotels,Low-Price Hotels
4.94805194805195,5.0,0,100.0,35,2,High-Price Hotels,High-Price Hotels
4.47272727272727,4.5,0,100.0,17,23,Mid-Price Hotels,Mid-Price Hotels
3.81581160639193,4.0,0,100.0,28,21,Mid-Price Hotels,Mid-Price Hotels
4.59333333333333,4.5,0,91.0,13,22,Low-Price Hotels,Mid-Price Hotels
2.93548387096774,3.0,0,100.0,13,8,Mid-Price Hotels,Mid-Price Hotels
4.47619047619048,4.5,0,100.0,4,9,High-Price Hotels,Mid-Price Hotels
4.57692307692308,4.5,0,100.0,27,3,High-Price Hotels,High-Price Hotels
4.37931034482759,4.5,0,100.0,23,22,Mid-Price Hotels,Mid-Price Hotels
4.36170212765957,4.5,0,100.0,15,14,Mid-Price Hotels,Mid-Price Hotels
4.38095238095238,4.5,0,85.0,10,30,Low-Price Hotels,Low-Price Hotels
4.90322580645161,5.0,0,100.0,39,4,High-Price Hotels,High-Price Hotels
4.75609756097561,5.0,0,100.0,39,25,Mid-Price Hotels,Mid-Price Hotels
4.30769230769231,4.5,0,93.0,17,22,Low-Price Hotels,Mid-Price Hotels
4.42603550295858,4.5,0,100.0,38,24,Mid-Price Hotels,Mid-Price Hotels
5.0,5.0,0,68.0,12,8,Mid-Price Hotels,Mid-Price Hotels
4.27027027027027,4.5,0,94.0,20,18,Mid-Price Hotels,Mid-Price Hotels
4.96666666666667,5.0,0,100.0,18,22,Mid-Price Hotels,Mid-Price Hotels
4.4,4.5,0,100.0,14,16,Mid-Price Hotels,Mid-Price Hotels
3.80120481927711,4.0,0,100.0,21,16,Mid-Price Hotels,Mid-Price Hotels
4.4,4.5,0,100.0,2,16,Mid-Price Hotels,Mid-Price Hotels
3.44262295081967,3.5,0,95.0,18,18,Low-Price Hotels,Low-Price Hotels
4.29411764705882,4.5,0,87.0,9,19,Low-Price Hotels,Low-Price Hotels
4.54716981132075,4.5,0,100.0,32,4,High-Price Hotels,High-Price Hotels
4.85975609756098,5.0,0,89.0,17,6,High-Price Hotels,High-Price Hotels
4.77777777777778,5.0,0,98.0,15,11,High-Price Hotels,High-Price Hotels
4.81818181818182,5.0,0,100.0,9,28,Low-Price Hotels,Low-Price Hotels
4.9,5.0,0,93.0,22,21,Mid-Price Hotels,Mid-Price Hotels
3.0,3.0,0,82.0,6,20,Low-Price Hotels,Low-Price Hotels
2.5,2.5,0,89.0,0,15,Low-Price Hotels,Low-Price Hotels
1.0,1.0,0,100.0,0,21,Low-Price Hotels,Low-Price Hotels
4.08450704225352,4.0,0,100.0,20,22,Mid-Price Hotels,Mid-Price Hotels
4.0,4.0,0,100.0,18,9,High-Price Hotels,High-Price Hotels
3.35251798561151,3.5,0,100.0,16,19,Low-Price Hotels,Low-Price Hotels
4.69426751592357,4.5,0,100.0,26,22,Mid-Price Hotels,Mid-Price Hotels
3.92307692307692,4.0,0,48.0,14,27,Low-Price Hotels,Low-Price Hotels
4.85,5.0,0,100.0,3,21,Mid-Price Hotels,Mid-Price Hotels
5.0,5.0,0,100.0,0,24,Low-Price Hotels,Low-Price Hotels
3.75,4.0,0,100.0,0,5,High-Price Hotels,Mid-Price Hotels
2.76190476190476,3.0,0,97.0,16,24,Low-Price Hotels,Low-Price Hotels
4.75,5.0,0,100.0,19,17,Mid-Price Hotels,Mid-Price Hotels
4.64102564102564,4.5,0,100.0,13,19,Mid-Price Hotels,Mid-Price Hotels
2.33333333333333,2.5,0,86.0,14,1,Mid-Price Hotels,Mid-Price Hotels
3.5,3.5,0,100.0,0,12,Mid-Price Hotels,Mid-Price Hotels
4.41411042944785,4.5,3,100.0,21,16,Mid-Price Hotels,High-Price Hotels
4.21875,4.0,0,45.0,30,8,Mid-Price Hotels,Mid-Price Hotels
5.0,5.0,0,100.0,0,27,Low-Price Hotels,Low-Price Hotels
4.85714285714286,5.0,0,41.0,12,13,Low-Price Hotels,Low-Price Hotels
4.76315789473684,5.0,0,100.0,18,4,High-Price Hotels,High-Price Hotels
4.47761194029851,4.5,0,100.0,27,11,High-Price Hotels,High-Price Hotels
4.23364485981308,4.0,0,100.0,11,21,Mid-Price Hotels,Mid-Price Hotels
5.0,5.0,0,48.0,0,20,Low-Price Hotels,Low-Price Hotels
4.0,4.0,0,100.0,0,30,Low-Price Hotels,Low-Price Hotels
4.02651515151515,4.0,0,48.0,31,9,Mid-Price Hotels,Mid-Price Hotels
5.0,5.0,0,100.0,2,4,High-Price Hotels,High-Price Hotels
4.71264367816092,4.5,0,100.0,29,4,High-Price Hotels,High-Price Hotels
2.54166666666667,2.5,0,94.0,6,11,Low-Price Hotels,Low-Price Hotels
4.475,4.5,0,100.0,28,25,Mid-Price Hotels,Mid-Price Hotels
2.6359649122807,2.5,0,41.0,30,25,Low-Price Hotels,Low-Price Hotels
4.20945945945946,4.0,0,88.0,23,27,Low-Price Hotels,Mid-Price Hotels
3.36227824463119,3.5,0,100.0,37,23,Mid-Price Hotels,Low-Price Hotels
4.18181818181818,4.0,0,100.0,20,30,Low-Price Hotels,Low-Price Hotels
4.05847076461769,4.0,0,100.0,31,8,High-Price Hotels,High-Price Hotels
4.59480122324159,4.5,0,100.0,52,8,High-Price Hotels,High-Price Hotels
4.27358490566038,4.5,0,100.0,19,8,High-Price Hotels,High-Price Hotels
4.94387755102041,5.0,0,97.0,10,15,Mid-Price Hotels,Low-Price Hotels
2.48076923076923,2.5,0,100.0,35,23,Low-Price Hotels,Low-Price Hotels
4.5,4.5,0,100.0,0,25,Low-Price Hotels,Low-Price Hotels
4.77142857142857,5.0,0,100.0,10,17,Mid-Price Hotels,Mid-Price Hotels
2.6,2.5,0,100.0,10,12,Low-Price Hotels,Mid-Price Hotels
4.58798283261803,4.5,0,100.0,38,21,Mid-Price Hotels,Mid-Price Hotels
5.0,5.0,0,100.0,16,26,Mid-Price Hotels,Mid-Price Hotels
4.34029227557411,4.5,0,100.0,21,21,Mid-Price Hotels,Mid-Price Hotels
3.0,3.0,0,100.0,2,13,Low-Price Hotels,Low-Price Hotels
2.44444444444444,2.5,0,100.0,2,19,Low-Price Hotels,Low-Price Hotels
4.40909090909091,4.5,0,100.0,21,1,High-Price Hotels,High-Price Hotels
4.09677419354839,4.0,0,89.0,13,6,High-Price Hotels,Mid-Price Hotels
2.67137809187279,2.5,0,100.0,19,25,Low-Price Hotels,Low-Price Hotels
3.80320366132723,4.0,0,100.0,14,5,High-Price Hotels,High-Price Hotels
4.51282051282051,4.5,0,100.0,11,16,Mid-Price Hotels,Mid-Price Hotels
3.90593220338983,4.0,0,100.0,36,3,High-Price Hotels,High-Price Hotels
3.69078947368421,3.5,0,100.0,15,15,Mid-Price Hotels,Mid-Price Hotels
3.90625,4.0,0,100.0,17,22,Low-Price Hotels,Low-Price Hotels
1.0,1.0,0,72.0,6,13,Low-Price Hotels,Low-Price Hotels
4.93248945147679,5.0,0,100.0,13,18,Mid-Price Hotels,Mid-Price Hotels
4.9375,5.0,0,100.0,22,29,Low-Price Hotels,Low-Price Hotels
3.67647058823529,3.5,0,100.0,22,30,Low-Price Hotels,Low-Price Hotels
3.0,3.0,0,100.0,0,6,Mid-Price Hotels,Mid-Price Hotels
4.56470588235294,4.5,0,100.0,29,19,Mid-Price Hotels,Mid-Price Hotels
5.0,5.0,0,97.0,1,12,High-Price Hotels,High-Price Hotels
4.95522388059702,5.0,0,85.0,19,4,High-Price Hotels,High-Price Hotels
3.44863731656184,3.5,0,51.0,38,30,Low-Price Hotels,Low-Price Hotels
4.2944262295082,4.5,0,79.0,55,15,High-Price Hotels,Mid-Price Hotels
4.22222222222222,4.0,0,100.0,20,13,High-Price Hotels,High-Price Hotels
4.59459459459459,4.5,0,100.0,26,8,High-Price Hotels,High-Price Hotels
4.95,5.0,0,96.0,14,30,Low-Price Hotels,Low-Price Hotels
4.14637482900137,4.0,0,100.0,35,26,Mid-Price Hotels,Low-Price Hotels
3.3,3.5,0,100.0,8,22,Low-Price Hotels,Low-Price Hotels
4.66484375,4.5,10,100.0,34,10,High-Price Hotels,High-Price Hotels
4.14285714285714,4.0,0,100.0,20,16,Mid-Price Hotels,Mid-Price Hotels
4.57228915662651,4.5,0,100.0,21,23,Mid-Price Hotels,Mid-Price Hotels
5.0,5.0,0,77.0,7,27,Low-Price Hotels,Low-Price Hotels
4.73575129533679,4.5,0,99.0,30,1,High-Price Hotels,High-Price Hotels
4.16666666666667,4.0,0,54.0,0,16,Low-Price Hotels,Low-Price Hotels
4.17142857142857,4.0,0,100.0,32,3,High-Price Hotels,High-Price Hotels
4.65625,4.5,0,100.0,39,3,High-Price Hotels,High-Price Hotels
2.85714285714286,3.0,0,99.0,2,19,Low-Price Hotels,Low-Price Hotels
3.77935943060498,4.0,0,88.0,16,7,Mid-Price Hotels,Mid-Price Hotels
4.26,4.5,0,93.0,19,1,High-Price Hotels,High-Price Hotels
3.61538461538462,3.5,0,100.0,15,2,High-Price Hotels,High-Price Hotels
1.8,2.0,0,100.0,4,29,Low-Price Hotels,Low-Price Hotels
3.0,3.0,0,40.0,0,14,Low-Price Hotels,Low-Price Hotels
4.65555555555556,4.5,0,100.0,41,24,Mid-Price Hotels,Mid-Price Hotels
3.7845220030349,4.0,8,82.0,48,30,Low-Price Hotels,Mid-Price Hotels
3.0,3.0,0,100.0,0,26,Low-Price Hotels,Low-Price Hotels
4.66666666666667,4.5,0,100.0,24,17,High-Price Hotels,High-Price Hotels
4.50428816466552,4.5,4,100.0,37,18,High-Price Hotels,High-Price Hotels
1.68617021276596,1.5,0,100.0,14,19,Low-Price Hotels,Low-Price Hotels
4.65423728813559,4.5,0,100.0,26,30,Low-Price Hotels,Low-Price Hotels
4.36,4.5,0,98.0,20,28,Low-Price Hotels,Low-Price Hotels
2.75336322869955,3.0,0,100.0,10,16,Low-Price Hotels,Low-Price Hotels
4.48606811145511,4.5,0,82.0,22,25,Low-Price Hotels,Low-Price Hotels
4.0,4.0,0,92.0,3,18,Low-Price Hotels,Low-Price Hotels
4.14593781344032,4.0,0,100.0,44,3,High-Price Hotels,High-Price Hotels
4.28571428571429,4.5,0,100.0,18,3,High-Price Hotels,High-Price Hotels
3.88888888888889,4.0,0,100.0,7,17,Mid-Price Hotels,Mid-Price Hotels
4.75443786982249,5.0,0,82.0,22,30,Low-Price Hotels,Low-Price Hotels
4.65094339622642,4.5,0,100.0,16,7,High-Price Hotels,High-Price Hotels
4.76774193548387,5.0,0,100.0,16,28,Low-Price Hotels,Low-Price Hotels
5.0,5.0,0,100.0,0,15,Mid-Price Hotels,Mid-Price Hotels
1.84615384615385,2.0,0,100.0,6,3,Mid-Price Hotels,Mid-Price Hotels
4.76744186046512,5.0,0,100.0,23,19,Mid-Price Hotels,Mid-Price Hotels
4.82191780821918,5.0,0,100.0,13,19,Mid-Price Hotels,Mid-Price Hotels
4.62514220705347,4.5,12,100.0,27,13,High-Price Hotels,High-Price Hotels
4.15,4.0,0,100.0,23,24,Mid-Price Hotels,Mid-Price Hotels
4.91836734693878,5.0,0,100.0,9,8,High-Price Hotels,High-Price Hotels
4.03934426229508,4.0,0,100.0,13,25,Low-Price Hotels,Low-Price Hotels
3.58741258741259,3.5,0,100.0,34,30,Low-Price Hotels,Low-Price Hotels
3.0,3.0,0,36.0,0,18,Low-Price Hotels,Low-Price Hotels
4.28571428571429,4.5,0,100.0,15,21,Mid-Price Hotels,Mid-Price Hotels
3.34517203107658,3.5,5,100.0,34,24,Mid-Price Hotels,Mid-Price Hotels
3.11764705882353,3.0,0,100.0,13,10,Mid-Price Hotels,Mid-Price Hotels
4.30450987700335,4.5,5,89.0,40,10,High-Price Hotels,High-Price Hotels
4.98947368421053,5.0,0,100.0,55,20,High-Price Hotels,High-Price Hotels
4.5,4.5,0,91.0,0,30,Low-Price Hotels,Low-Price Hotels
3.92,4.0,0,100.0,10,29,Low-Price Hotels,Low-Price Hotels
4.93548387096774,5.0,0,75.0,8,20,Low-Price Hotels,Low-Price Hotels
5.0,5.0,0,77.0,8,27,Low-Price Hotels,Low-Price Hotels
5.0,5.0,0,100.0,0,28,Low-Price Hotels,Low-Price Hotels
4.51401869158879,4.5,0,100.0,20,1,High-Price Hotels,High-Price Hotels
4.06030150753769,4.0,0,91.0,25,18,Mid-Price Hotels,Mid-Price Hotels
4.03405572755418,4.0,0,100.0,14,17,Mid-Price Hotels,Mid-Price Hotels
2.40350877192982,2.5,0,100.0,29,11,Mid-Price Hotels,Mid-Price Hotels
3.60542290570619,3.5,0,100.0,40,18,Mid-Price Hotels,Mid-Price Hotels
3.66666666666667,3.5,0,70.0,1,7,Low-Price Hotels,Low-Price Hotels
3.46938775510204,3.5,0,100.0,30,6,High-Price Hotels,High-Price Hotels
4.56818181818182,4.5,0,100.0,15,7,High-Price Hotels,High-Price Hotels
3.80616740088106,4.0,0,100.0,10,25,Low-Price Hotels,Low-Price Hotels
2.15483870967742,2.0,0,51.0,35,27,Low-Price Hotels,Low-Price Hotels
3.83778966131907,4.0,0,72.0,15,4,Mid-Price Hotels,Mid-Price Hotels
4.2183908045977,4.0,0,100.0,20,11,High-Price Hotels,High-Price Hotels
4.85294117647059,5.0,0,99.0,12,2,High-Price Hotels,High-Price Hotels
4.85714285714286,5.0,0,100.0,25,19,Mid-Price Hotels,Mid-Price Hotels
4.79166666666667,5.0,0,94.0,11,9,High-Price Hotels,High-Price Hotels
4.3198900091659,4.5,6,100.0,105,1,High-Price Hotels,High-Price Hotels
3.56451612903226,3.5,0,59.0,24,8,Mid-Price Hotels,Mid-Price Hotels
3.4,3.5,0,100.0,22,17,Mid-Price Hotels,Mid-Price Hotels
3.85,4.0,0,96.0,3,6,Mid-Price Hotels,High-Price Hotels
3.58823529411765,3.5,0,92.0,14,20,Low-Price Hotels,Low-Price Hotels
4.21190476190476,4.0,0,100.0,33,22,Mid-Price Hotels,Mid-Price Hotels
4.05333333333333,4.0,0,100.0,15,18,Mid-Price Hotels,Mid-Price Hotels
4.5,4.5,0,100.0,0,17,Mid-Price Hotels,Mid-Price Hotels
4.2,4.0,0,100.0,15,5,High-Price Hotels,High-Price Hotels
4.65,4.5,0,37.0,22,22,Low-Price Hotels,Low-Price Hotels
4.50909090909091,4.5,0,100.0,25,28,Low-Price Hotels,Low-Price Hotels
4.95833333333333,5.0,0,100.0,28,19,High-Price Hotels,High-Price Hotels
2.25,2.5,0,100.0,12,26,Low-Price Hotels,Low-Price Hotels
4.42857142857143,4.5,0,57.0,1,30,Low-Price Hotels,Low-Price Hotels
4.84615384615385,5.0,0,100.0,14,8,High-Price Hotels,High-Price Hotels
4.6,4.5,0,100.0,16,12,High-Price Hotels,High-Price Hotels
4.46031746031746,4.5,0,100.0,15,4,High-Price Hotels,High-Price Hotels
4.52631578947368,4.5,0,100.0,29,4,High-Price Hotels,High-Price Hotels
3.55555555555556,3.5,0,100.0,13,14,Mid-Price Hotels,Mid-Price Hotels
3.1304347826087,3.0,0,100.0,15,20,Low-Price Hotels,Low-Price Hotels
4.78846153846154,5.0,0,100.0,40,28,Mid-Price Hotels,Low-Price Hotels
4.5,4.5,0,100.0,31,7,High-Price Hotels,High-Price Hotels
4.93137254901961,5.0,0,100.0,20,20,Mid-Price Hotels,Mid-Price Hotels
5.0,5.0,0,100.0,1,18,Mid-Price Hotels,Mid-Price Hotels
4.21276595744681,4.0,0,93.0,15,16,Mid-Price Hotels,Mid-Price Hotels
3.33333333333333,3.5,0,100.0,12,23,Low-Price Hotels,Low-Price Hotels
4.91666666666667,5.0,0,100.0,1,6,High-Price Hotels,High-Price Hotels
3.2,3.0,0,100.0,0,26,Low-Price Hotels,Low-Price Hotels
4.14814814814815,4.0,0,100.0,7,3,High-Price Hotels,High-Price Hotels
3.33928571428571,3.5,0,100.0,12,28,Low-Price Hotels,Low-Price Hotels
4.47826086956522,4.5,0,100.0,5,23,Low-Price Hotels,Low-Price Hotels
4.28048780487805,4.5,0,86.0,33,7,High-Price Hotels,High-Price Hotels
3.24393828067597,3.0,0,38.0,44,8,Low-Price Hotels,Low-Price Hotels
2.1,2.0,0,100.0,2,24,Low-Price Hotels,Low-Price Hotels
4.0,4.0,0,100.0,1,3,High-Price Hotels,High-Price Hotels
4.02439024390244,4.0,0,100.0,14,18,Mid-Price Hotels,Mid-Price Hotels
4.61904761904762,4.5,0,91.0,36,3,High-Price Hotels,High-Price Hotels
4.6734693877551,4.5,0,100.0,24,16,High-Price Hotels,High-Price Hotels
4.36551724137931,4.5,0,90.0,21,7,High-Price Hotels,High-Price Hotels
2.94594594594595,3.0,0,100.0,21,9,Mid-Price Hotels,Mid-Price Hotels
4.53333333333333,4.5,0,91.0,17,11,High-Price Hotels,High-Price Hotels
4.32754880694143,4.5,3,100.0,47,7,High-Price Hotels,High-Price Hotels
4.69491525423729,4.5,0,100.0,22,30,Low-Price Hotels,Low-Price Hotels
4.7,4.5,0,100.0,4,2,High-Price Hotels,High-Price Hotels
4.0,4.0,0,100.0,7,14,Mid-Price Hotels,Mid-Price Hotels
2.61363636363636,2.5,0,100.0,14,22,Low-Price Hotels,Low-Price Hotels
4.92410714285714,5.0,0,100.0,36,12,High-Price Hotels,High-Price Hotels
4.7710843373494,5.0,0,91.0,10,15,Mid-Price Hotels,Mid-Price Hotels
4.32426778242678,4.5,0,100.0,20,23,Mid-Price Hotels,Mid-Price Hotels
4.4622641509434,4.5,0,100.0,13,10,High-Price Hotels,High-Price Hotels
4.97075295581829,5.0,2,100.0,28,28,Mid-Price Hotels,Mid-Price Hotels
4.3,4.5,0,100.0,7,6,High-Price Hotels,High-Price Hotels
4.88432835820895,5.0,5,100.0,66,20,High-Price Hotels,High-Price Hotels
4.5,4.5,0,100.0,8,12,Mid-Price Hotels,Mid-Price Hotels
4.375,4.5,0,37.0,28,4,Mid-Price Hotels,Mid-Price Hotels
4.07027027027027,4.0,0,100.0,21,7,High-Price Hotels,High-Price Hotels
4.2,4.0,0,92.0,1,19,Low-Price Hotels,Low-Price Hotels
1.66666666666667,1.5,0,51.0,0,11,Low-Price Hotels,Low-Price Hotels
4.66666666666667,4.5,0,100.0,26,12,High-Price Hotels,High-Price Hotels
5.0,5.0,0,67.0,15,13,Mid-Price Hotels,Mid-Price Hotels
4.24409448818898,4.0,0,100.0,33,16,High-Price Hotels,High-Price Hotels
4.2,4.0,0,96.0,0,25,Low-Price Hotels,Low-Price Hotels
4.68571428571429,4.5,0,100.0,39,13,High-Price Hotels,High-Price Hotels
4.5,4.5,0,100.0,14,17,Mid-Price Hotels,Mid-Price Hotels
4.5,4.5,0,100.0,27,15,High-Price Hotels,High-Price Hotels
3.78238341968912,4.0,0,100.0,16,18,Mid-Price Hotels,Mid-Price Hotels
5.0,5.0,0,100.0,0,7,High-Price Hotels,High-Price Hotels
4.18032786885246,4.0,0,100.0,28,24,Mid-Price Hotels,Mid-Price Hotels
4.72727272727273,4.5,0,100.0,38,25,Mid-Price Hotels,Mid-Price Hotels
3.69175627240143,3.5,0,100.0,37,16,Mid-Price Hotels,Mid-Price Hotels
4.75,5.0,0,100.0,3,30,Low-Price Hotels,Low-Price Hotels
4.69230769230769,4.5,0,100.0,5,27,Low-Price Hotels,Low-Price Hotels
3.33333333333333,3.5,0,45.0,1,24,Low-Price Hotels,Low-Price Hotels
4.55701754385965,4.5,0,100.0,44,26,Mid-Price Hotels,Mid-Price Hotels
2.5,2.5,0,100.0,4,29,Low-Price Hotels,Low-Price Hotels
3.19153225806452,3.0,0,100.0,24,6,High-Price Hotels,High-Price Hotels
3.64285714285714,3.5,0,100.0,20,28,Low-Price Hotels,Low-Price Hotels
4.72845953002611,4.5,0,100.0,31,10,High-Price Hotels,High-Price Hotels
4.97058823529412,5.0,0,100.0,40,30,Mid-Price Hotels,Mid-Price Hotels
4.53703703703704,4.5,0,100.0,19,29,Low-Price Hotels,Low-Price Hotels
4.35338345864662,4.5,0,100.0,25,22,Mid-Price Hotels,Mid-Price Hotels
4.5,4.5,0,78.0,11,26,Low-Price Hotels,Low-Price Hotels
4.0,4.0,0,100.0,0,11,Mid-Price Hotels,Mid-Price Hotels
2.0,2.0,0,100.0,13,16,Low-Price Hotels,Low-Price Hotels
4.48412698412698,4.5,0,100.0,9,18,Mid-Price Hotels,Mid-Price Hotels
3.15492957746479,3.0,0,100.0,14,11,Mid-Price Hotels,Mid-Price Hotels
2.17821782178218,2.0,0,100.0,12,18,Low-Price Hotels,Low-Price Hotels
1.0,1.0,0,100.0,0,4,Low-Price Hotels,Low-Price Hotels
4.61538461538461,4.5,0,100.0,22,12,High-Price Hotels,High-Price Hotels
5.0,5.0,0,100.0,53,29,Mid-Price Hotels,Mid-Price Hotels
4.66666666666667,4.5,0,100.0,8,30,Low-Price Hotels,Low-Price Hotels
2.41935483870968,2.5,0,90.0,0,9,Low-Price Hotels,Low-Price Hotels
5.0,5.0,0,100.0,1,4,High-Price Hotels,High-Price Hotels
4.2745438748914,4.5,5,100.0,39,25,Mid-Price Hotels,Mid-Price Hotels
3.59498207885305,3.5,0,68.0,24,9,Mid-Price Hotels,Mid-Price Hotels
3.54838709677419,3.5,0,50.0,14,12,Low-Price Hotels,Low-Price Hotels
4.72687224669604,4.5,0,100.0,35,13,High-Price Hotels,High-Price Hotels
4.54838709677419,4.5,0,100.0,19,18,Mid-Price Hotels,Mid-Price Hotels
4.7,4.5,0,88.0,10,22,Low-Price Hotels,Mid-Price Hotels
3.25641025641026,3.5,0,100.0,24,23,Low-Price Hotels,Low-Price Hotels
3.06060606060606,3.0,0,100.0,15,26,Low-Price Hotels,Low-Price Hotels
3.24556616643929,3.0,0,46.0,37,30,Low-Price Hotels,Low-Price Hotels
3.0,3.0,0,100.0,0,19,Low-Price Hotels,Low-Price Hotels
4.5,4.5,0,93.0,17,8,High-Price Hotels,High-Price Hotels
1.0,1.0,0,100.0,0,6,Low-Price Hotels,Low-Price Hotels
4.82867132867133,5.0,15,100.0,43,2,High-Price Hotels,High-Price Hotels
4.25,4.5,0,89.0,15,29,Low-Price Hotels,Low-Price Hotels
4.0,4.0,0,100.0,4,4,High-Price Hotels,High-Price Hotels
4.95833333333333,5.0,0,90.0,30,20,Mid-Price Hotels,High-Price Hotels
4.85245901639344,5.0,0,69.0,7,12,Mid-Price Hotels,Mid-Price Hotels
4.61702127659574,4.5,0,100.0,23,4,High-Price Hotels,High-Price Hotels
3.98580121703854,4.0,0,100.0,15,2,High-Price Hotels,High-Price Hotels
5.0,5.0,0,83.0,11,16,Mid-Price Hotels,Mid-Price Hotels
4.87606837606838,5.0,0,88.0,13,6,High-Price Hotels,High-Price Hotels
3.44444444444444,3.5,0,100.0,27,3,High-Price Hotels,High-Price Hotels
4.13333333333333,4.0,0,71.0,14,4,Mid-Price Hotels,Mid-Price Hotels
4.7979797979798,5.0,0,87.0,11,8,High-Price Hotels,High-Price Hotels
3.40298507462687,3.5,0,100.0,40,25,Low-Price Hotels,Low-Price Hotels
3.45360824742268,3.5,0,80.0,14,14,Low-Price Hotels,Low-Price Hotels
3.88571428571429,4.0,0,100.0,39,26,Mid-Price Hotels,Low-Price Hotels
4.73883161512027,4.5,0,100.0,24,24,Mid-Price Hotels,Mid-Price Hotels
2.88,3.0,0,42.0,1,6,Low-Price Hotels,Low-Price Hotels
3.83333333333333,4.0,0,100.0,16,12,Mid-Price Hotels,Mid-Price Hotels
3.66666666666667,3.5,0,87.0,13,30,Low-Price Hotels,Low-Price Hotels
4.42857142857143,4.5,0,83.0,11,1,High-Price Hotels,High-Price Hotels
4.45933014354067,4.5,5,100.0,52,21,High-Price Hotels,High-Price Hotels
4.49428571428571,4.5,0,100.0,21,13,High-Price Hotels,High-Price Hotels
4.12380952380952,4.0,0,100.0,17,7,High-Price Hotels,High-Price Hotels
4.30434782608696,4.5,0,85.0,31,10,High-Price Hotels,High-Price Hotels
4.26298701298701,4.5,0,100.0,15,27,Low-Price Hotels,Low-Price Hotels
4.51428571428571,4.5,0,93.0,34,23,Mid-Price Hotels,Mid-Price Hotels
5.0,5.0,0,100.0,11,14,High-Price Hotels,High-Price Hotels
4.56521739130435,4.5,0,100.0,23,27,Low-Price Hotels,Mid-Price Hotels
4.56,4.5,0,100.0,11,6,High-Price Hotels,High-Price Hotels
4.0,4.0,0,60.0,0,7,Low-Price Hotels,Mid-Price Hotels
1.0,1.0,0,99.0,3,29,Low-Price Hotels,Low-Price Hotels
4.66101694915254,4.5,0,100.0,32,5,High-Price Hotels,High-Price Hotels
4.82692307692308,5.0,0,82.0,42,27,Mid-Price Hotels,Mid-Price Hotels
2.70348837209302,2.5,0,100.0,21,30,Low-Price Hotels,Low-Price Hotels
3.33207547169811,3.5,0,87.0,19,15,Low-Price Hotels,Low-Price Hotels
3.33333333333333,3.5,0,100.0,0,7,Mid-Price Hotels,Mid-Price Hotels
2.77272727272727,3.0,0,100.0,0,18,Low-Price Hotels,Low-Price Hotels
2.0,2.0,0,75.0,3,1,Low-Price Hotels,Low-Price Hotels
4.67719298245614,4.5,9,100.0,42,29,Mid-Price Hotels,Low-Price Hotels
4.02690582959641,4.0,0,48.0,50,24,Low-Price Hotels,Low-Price Hotels
1.6,1.5,0,47.0,1,2,Low-Price Hotels,Low-Price Hotels
3.11538461538462,3.0,0,100.0,17,15,Mid-Price Hotels,Mid-Price Hotels
4.5,4.5,0,86.0,8,30,Low-Price Hotels,Low-Price Hotels
3.5,3.5,0,53.0,18,5,Mid-Price Hotels,Mid-Price Hotels
4.88679245283019,5.0,0,92.0,37,2,High-Price Hotels,High-Price Hotels
4.0,4.0,0,87.0,8,12,Mid-Price Hotels,Mid-Price Hotels
4.2,4.0,0,66.0,23,4,Mid-Price Hotels,High-Price Hotels
1.33333333333333,1.5,0,100.0,0,19,Low-Price Hotels,Low-Price Hotels
2.83333333333333,3.0,0,87.0,0,18,Low-Price Hotels,Low-Price Hotels
4.29032258064516,4.5,0,100.0,20,1,High-Price Hotels,High-Price Hotels
4.92307692307692,5.0,0,100.0,33,28,Mid-Price Hotels,Mid-Price Hotels
4.92307692307692,5.0,0,100.0,15,26,Mid-Price Hotels,Mid-Price Hotels
4.4,4.5,0,100.0,14,12,High-Price Hotels,High-Price Hotels
4.44444444444444,4.5,0,100.0,0,1,High-Price Hotels,High-Price Hotels
4.8780487804878,5.0,0,100.0,34,27,Mid-Price Hotels,Mid-Price Hotels
3.56410256410256,3.5,0,100.0,13,22,Low-Price Hotels,Low-Price Hotels
4.74025974025974,4.5,0,100.0,34,26,Mid-Price Hotels,Mid-Price Hotels
2.54545454545455,2.5,0,100.0,12,7,Mid-Price Hotels,Mid-Price Hotels
4.28571428571429,4.5,0,99.0,24,9,High-Price Hotels,High-Price Hotels
4.375,4.5,0,100.0,15,15,Mid-Price Hotels,Mid-Price Hotels
4.95733788395904,5.0,0,100.0,17,5,High-Price Hotels,High-Price Hotels
3.1875,3.0,0,100.0,21,30,Low-Price Hotels,Low-Price Hotels
4.65333333333333,4.5,0,87.0,16,20,Mid-Price Hotels,Low-Price Hotels
5.0,5.0,0,100.0,30,21,Mid-Price Hotels,High-Price Hotels
3.21428571428571,3.0,0,100.0,12,17,Low-Price Hotels,Low-Price Hotels
4.29370629370629,4.5,0,64.0,23,21,Low-Price Hotels,Low-Price Hotels
3.71386138613861,3.5,0,100.0,21,23,Low-Price Hotels,Low-Price Hotels
4.80952380952381,5.0,0,100.0,16,13,High-Price Hotels,High-Price Hotels
4.5,4.5,0,100.0,0,7,High-Price Hotels,High-Price Hotels
4.86681715575621,5.0,17,90.0,36,20,High-Price Hotels,High-Price Hotels
4.66666666666667,4.5,0,50.0,1,19,Low-Price Hotels,Low-Price Hotels
3.30392156862745,3.5,0,100.0,5,11,Mid-Price Hotels,Mid-Price Hotels
4.9426523297491,5.0,0,87.0,15,28,Low-Price Hotels,Low-Price Hotels
4.92012779552716,5.0,0,100.0,21,14,High-Price Hotels,High-Price Hotels
1.0,1.0,0,100.0,0,30,Low-Price Hotels,Low-Price Hotels
2.89772727272727,3.0,0,100.0,4,28,Low-Price Hotels,Low-Price Hotels
3.7840616966581,4.0,0,100.0,23,20,Mid-Price Hotels,Mid-Price Hotels
5.0,5.0,0,87.0,47,25,Mid-Price Hotels,Mid-Price Hotels
3.7,3.5,0,100.0,21,28,Low-Price Hotels,Low-Price Hotels
4.19444444444444,4.0,0,100.0,5,26,Low-Price Hotels,Low-Price Hotels
4.58536585365854,4.5,0,100.0,29,5,High-Price Hotels,High-Price Hotels
4.80769230769231,5.0,0,100.0,12,11,High-Price Hotels,High-Price Hotels
3.53846153846154,3.5,0,100.0,15,7,High-Price Hotels,High-Price Hotels
4.36762225969646,4.5,0,97.0,42,22,Mid-Price Hotels,Mid-Price Hotels
2.5,2.5,0,100.0,0,13,Low-Price Hotels,Low-Price Hotels
3.5,3.5,0,99.0,33,2,High-Price Hotels,High-Price Hotels
3.62068965517241,3.5,0,74.0,18,12,Mid-Price Hotels,Low-Price Hotels
4.51,4.5,0,100.0,10,29,Low-Price Hotels,Low-Price Hotels
4.88888888888889,5.0,0,100.0,14,18,Mid-Price Hotels,Mid-Price Hotels
3.47297297297297,3.5,0,100.0,9,4,High-Price Hotels,High-Price Hotels
4.62222222222222,4.5,0,100.0,35,4,High-Price Hotels,High-Price Hotels
4.52941176470588,4.5,0,100.0,19,1,High-Price Hotels,High-Price Hotels
5.0,5.0,0,100.0,6,24,Mid-Price Hotels,Mid-Price Hotels
4.03954802259887,4.0,0,100.0,30,23,Mid-Price Hotels,Mid-Price Hotels
3.71428571428571,3.5,0,100.0,6,13,Mid-Price Hotels,Mid-Price Hotels
4.38461538461539,4.5,0,100.0,6,20,Mid-Price Hotels,Low-Price Hotels
4.46621621621622,4.5,0,100.0,12,13,Mid-Price Hotels,High-Price Hotels
4.6,4.5,0,100.0,29,6,High-Price Hotels,High-Price Hotels
3.33962264150943,3.5,0,100.0,23,21,Low-Price Hotels,Low-Price Hotels
2.33333333333333,2.5,0,99.0,18,17,Low-Price Hotels,Low-Price Hotels
3.8,4.0,0,100.0,11,26,Low-Price Hotels,Low-Price Hotels
4.51020408163265,4.5,0,82.0,20,17,Mid-Price Hotels,Mid-Price Hotels
4.2192513368984,4.0,0,74.0,27,3,High-Price Hotels,High-Price Hotels
3.83333333333333,4.0,0,43.0,1,24,Low-Price Hotels,Low-Price Hotels
3.74765100671141,3.5,0,100.0,34,5,High-Price Hotels,High-Price Hotels
4.38888888888889,4.5,0,100.0,35,14,High-Price Hotels,High-Price Hotels
4.25,4.5,0,100.0,0,18,Mid-Price Hotels,Mid-Price Hotels
4.18181818181818,4.0,0,89.0,15,11,Mid-Price Hotels,High-Price Hotels
5.0,5.0,0,100.0,20,4,High-Price Hotels,High-Price Hotels
4.43860222077074,4.5,7,100.0,49,22,High-Price Hotels,High-Price Hotels
3.15384615384615,3.0,0,100.0,26,6,High-Price Hotels,Mid-Price Hotels
4.22727272727273,4.0,0,100.0,22,30,Low-Price Hotels,Low-Price Hotels
4.125,4.0,0,38.0,4,27,Low-Price Hotels,Low-Price Hotels
2.19349593495935,2.0,0,86.0,25,30,Low-Price Hotels,Low-Price Hotels
4.45588235294118,4.5,0,100.0,13,8,High-Price Hotels,High-Price Hotels
4.73152709359606,4.5,0,86.0,17,30,Low-Price Hotels,Low-Price Hotels
4.57142857142857,4.5,0,100.0,8,1,High-Price Hotels,High-Price Hotels
3.51851851851852,3.5,0,100.0,34,26,Low-Price Hotels,Low-Price Hotels
4.56521739130435,4.5,0,100.0,16,21,Mid-Price Hotels,Mid-Price Hotels
4.0,4.0,0,74.0,12,13,Low-Price Hotels,Low-Price Hotels
4.57142857142857,4.5,0,100.0,39,6,High-Price Hotels,High-Price Hotels
4.32876712328767,4.5,0,83.0,22,29,Low-Price Hotels,Low-Price Hotels
3.1,3.0,0,100.0,1,16,Low-Price Hotels,Low-Price Hotels
2.0,2.0,0,82.0,4,19,Low-Price Hotels,Low-Price Hotels
3.81578947368421,4.0,0,100.0,20,26,Low-Price Hotels,Low-Price Hotels
4.59826589595376,4.5,0,75.0,26,17,Mid-Price Hotels,Mid-Price Hotels
4.39130434782609,4.5,0,73.0,21,23,Low-Price Hotels,Low-Price Hotels
3.16129032258065,3.0,0,100.0,23,10,Mid-Price Hotels,Mid-Price Hotels
4.19177075679647,4.0,6,100.0,31,5,High-Price Hotels,High-Price Hotels
2.78787878787879,3.0,0,100.0,8,2,Mid-Price Hotels,High-Price Hotels
1.33333333333333,1.5,0,100.0,5,20,Low-Price Hotels,Low-Price Hotels
4.51401869158879,4.5,0,100.0,36,12,High-Price Hotels,High-Price Hotels
3.1699604743083,3.0,0,74.0,23,14,Low-Price Hotels,Low-Price Hotels
4.56521739130435,4.5,0,100.0,25,11,High-Price Hotels,High-Price Hotels
4.43617021276596,4.5,0,100.0,28,1,High-Price Hotels,High-Price Hotels
4.0,4.0,0,89.0,1,1,High-Price Hotels,High-Price Hotels
4.5,4.5,0,100.0,12,9,High-Price Hotels,High-Price Hotels
4.23529411764706,4.0,0,83.0,4,27,Low-Price Hotels,Low-Price Hotels
3.57894736842105,3.5,0,51.0,13,6,Low-Price Hotels,Low-Price Hotels
5.0,5.0,0,92.0,0,20,Mid-Price Hotels,Mid-Price Hotels
4.25,4.5,0,99.0,7,8,High-Price Hotels,Mid-Price Hotels
4.5,4.5,0,91.0,0,29,Low-Price Hotels,Low-Price Hotels
5.0,5.0,0,91.0,32,22,Mid-Price Hotels,High-Price Hotels
2.0,2.0,0,100.0,5,7,Low-Price Hotels,Low-Price Hotels
4.44736842105263,4.5,0,73.0,8,23,Low-Price Hotels,Low-Price Hotels
4.40350877192982,4.5,0,68.0,16,5,Mid-Price Hotels,Mid-Price Hotels
4.16666666666667,4.0,0,100.0,8,21,Low-Price Hotels,Low-Price Hotels
4.4,4.5,0,47.0,23,8,Mid-Price Hotels,Mid-Price Hotels
4.8,5.0,0,82.0,21,10,High-Price Hotels,High-Price Hotels
4.53684210526316,4.5,0,100.0,19,11,High-Price Hotels,High-Price Hotels
4.3134328358209,4.5,0,100.0,18,28,Low-Price Hotels,Low-Price Hotels
4.72727272727273,4.5,0,72.0,25,17,Mid-Price Hotels,Mid-Price Hotels
2.7,2.5,0,100.0,18,29,Low-Price Hotels,Low-Price Hotels
4.0,4.0,0,100.0,2,3,High-Price Hotels,High-Price Hotels
4.6,4.5,0,100.0,3,1,High-Price Hotels,High-Price Hotels
4.38321995464853,4.5,7,100.0,25,26,Mid-Price Hotels,Mid-Price Hotels
3.37413394919169,3.5,0,61.0,39,20,Low-Price Hotels,Low-Price Hotels
2.53846153846154,2.5,0,42.0,14,3,Low-Price Hotels,Low-Price Hotels
4.21212121212121,4.0,0,100.0,22,2,High-Price Hotels,High-Price Hotels
4.44047619047619,4.5,0,100.0,6,6,High-Price Hotels,High-Price Hotels
4.32835820895522,4.5,0,100.0,32,8,High-Price Hotels,High-Price Hotels
3.0,3.0,0,87.0,0,19,Low-Price Hotels,Low-Price Hotels
4.63829787234043,4.5,0,100.0,30,17,High-Price Hotels,High-Price Hotels
4.60079051383399,4.5,0,100.0,29,26,Mid-Price Hotels,Mid-Price Hotels
4.63475177304965,4.5,2,100.0,19,28,Low-Price Hotels,Low-Price Hotels
4.72727272727273,4.5,0,100.0,31,30,Mid-Price Hotels,Low-Price Hotels
3.36585365853659,3.5,0,100.0,14,4,High-Price Hotels,High-Price Hotels
4.75,5.0,0,100.0,14,6,High-Price Hotels,High-Price Hotels
1.0,1.0,0,100.0,6,13,Low-Price Hotels,Low-Price Hotels
4.50704225352113,4.5,0,100.0,29,13,High-Price Hotels,High-Price Hotels
4.825,5.0,0,100.0,38,30,Mid-Price Hotels,Mid-Price Hotels
5.0,5.0,0,100.0,0,25,Low-Price Hotels,Low-Price Hotels
4.61538461538461,4.5,0,77.0,4,27,Low-Price Hotels,Low-Price Hotels
2.60869565217391,2.5,0,100.0,13,14,Low-Price Hotels,Low-Price Hotels
4.44897959183673,4.5,0,100.0,20,6,High-Price Hotels,High-Price Hotels
4.90476190476191,5.0,0,87.0,9,5,High-Price Hotels,High-Price Hotels
1.0,1.0,0,79.0,0,23,Low-Price Hotels,Low-Price Hotels
4.39393939393939,4.5,0,100.0,18,25,Low-Price Hotels,Low-Price Hotels
4.45588235294118,4.5,0,100.0,25,27,Low-Price Hotels,Mid-Price Hotels
4.79120879120879,5.0,0,100.0,24,4,High-Price Hotels,High-Price Hotels
4.84390243902439,5.0,0,100.0,16,8,High-Price Hotels,High-Price Hotels
4.89795918367347,5.0,0,83.0,10,8,High-Price Hotels,High-Price Hotels
4.88135593220339,5.0,0,43.0,18,5,Mid-Price Hotels,Mid-Price Hotels
5.0,5.0,0,100.0,9,2,High-Price Hotels,High-Price Hotels
4.53846153846154,4.5,0,100.0,20,17,Mid-Price Hotels,Mid-Price Hotels
4.0,4.0,0,100.0,1,19,Low-Price Hotels,Low-Price Hotels
3.5,3.5,0,100.0,0,14,Mid-Price Hotels,Low-Price Hotels
4.57289879931389,4.5,0,100.0,45,7,High-Price Hotels,High-Price Hotels
3.99186991869919,4.0,0,100.0,32,23,Mid-Price Hotels,Mid-Price Hotels
4.9010101010101,5.0,0,100.0,20,9,High-Price Hotels,High-Price Hotels
3.81972111553785,4.0,0,100.0,24,15,Mid-Price Hotels,Mid-Price Hotels
4.47096774193548,4.5,0,100.0,34,28,Mid-Price Hotels,Mid-Price Hotels
4.75,5.0,0,50.0,13,29,Low-Price Hotels,Low-Price Hotels
5.0,5.0,0,50.0,8,7,Mid-Price Hotels,Mid-Price Hotels
2.8,3.0,0,100.0,7,11,Mid-Price Hotels,Low-Price Hotels
4.73451327433628,4.5,0,65.0,26,15,Mid-Price Hotels,Mid-Price Hotels
5.0,5.0,0,41.0,1,6,Low-Price Hotels,Mid-Price Hotels
4.88071065989848,5.0,0,100.0,21,12,High-Price Hotels,High-Price Hotels
3.66534810126582,3.5,0,47.0,40,10,Mid-Price Hotels,Low-Price Hotels
4.32926829268293,4.5,0,100.0,14,16,Mid-Price Hotels,Mid-Price Hotels
4.0,4.0,0,100.0,12,19,Mid-Price Hotels,Mid-Price Hotels
3.92857142857143,4.0,0,100.0,24,11,High-Price Hotels,Mid-Price Hotels
3.57983193277311,3.5,0,100.0,17,17,Mid-Price Hotels,Mid-Price Hotels
4.0,4.0,0,100.0,1,2,High-Price Hotels,High-Price Hotels
4.50588235294118,4.5,0,100.0,37,29,Mid-Price Hotels,Mid-Price Hotels
4.33333333333333,4.5,0,100.0,0,12,Mid-Price Hotels,Mid-Price Hotels
4.30649588289113,4.5,3,100.0,35,7,High-Price Hotels,High-Price Hotels
4.43548387096774,4.5,0,100.0,31,28,Mid-Price Hotels,Low-Price Hotels
5.0,5.0,0,100.0,22,3,High-Price Hotels,High-Price Hotels
4.71830985915493,4.5,0,82.0,19,23,Low-Price Hotels,Low-Price Hotels
3.79405940594059,4.0,0,100.0,21,22,Low-Price Hotels,Low-Price Hotels
4.0,4.0,0,100.0,10,12,Mid-Price Hotels,Mid-Price Hotels
4.53333333333333,4.5,0,100.0,24,30,Low-Price Hotels,Low-Price Hotels
4.57983193277311,4.5,0,100.0,32,1,High-Price Hotels,High-Price Hotels
3.0,3.0,0,100.0,13,25,Low-Price Hotels,Low-Price Hotels
2.0,2.0,0,100.0,0,27,Low-Price Hotels,Low-Price Hotels
2.09090909090909,2.0,0,100.0,18,6,Mid-Price Hotels,Mid-Price Hotels
3.36538461538462,3.5,0,100.0,21,10,Mid-Price Hotels,Mid-Price Hotels
3.86666666666667,4.0,0,100.0,50,4,High-Price Hotels,High-Price Hotels
4.96,5.0,0,100.0,26,11,High-Price Hotels,High-Price Hotels
4.6,4.5,0,99.0,20,27,Low-Price Hotels,Low-Price Hotels
4.6952380952381,4.5,0,100.0,7,23,Mid-Price Hotels,Low-Price Hotels
4.9811320754717,5.0,0,67.0,16,26,Low-Price Hotels,Low-Price Hotels
2.85185185185185,3.0,0,100.0,19,28,Low-Price Hotels,Low-Price Hotels
4.38235294117647,4.5,0,100.0,41,24,Mid-Price Hotels,Mid-Price Hotels
4.78571428571429,5.0,0,100.0,3,25,Low-Price Hotels,Low-Price Hotels
3.26352530541012,3.5,0,100.0,21,30,Low-Price Hotels,Low-Price Hotels
4.58383233532934,4.5,0,100.0,15,3,High-Price Hotels,High-Price Hotels
4.16,4.0,0,100.0,17,13,Mid-Price Hotels,Mid-Price Hotels
4.35714285714286,4.5,0,100.0,21,15,Mid-Price Hotels,High-Price Hotels
4.47408716136631,4.5,8,100.0,35,23,Mid-Price Hotels,High-Price Hotels
4.87654320987654,5.0,0,100.0,39,3,High-Price Hotels,High-Price Hotels
4.87150837988827,5.0,0,100.0,27,29,Mid-Price Hotels,Mid-Price Hotels
4.86666666666667,5.0,0,100.0,23,30,Low-Price Hotels,Mid-Price Hotels
3.0,3.0,0,100.0,0,16,Low-Price Hotels,Low-Price Hotels
4.81818181818182,5.0,0,100.0,14,8,High-Price Hotels,High-Price Hotels
4.73469387755102,4.5,0,91.0,39,20,Mid-Price Hotels,High-Price Hotels
4.39893617021277,4.5,0,100.0,20,27,Low-Price Hotels,Low-Price Hotels
4.5,4.5,0,100.0,5,19,Mid-Price Hotels,Mid-Price Hotels
4.69155206286837,4.5,2,100.0,28,21,Mid-Price Hotels,High-Price Hotels
4.0,4.0,0,100.0,10,15,Mid-Price Hotels,Mid-Price Hotels
4.58426966292135,4.5,0,100.0,27,16,High-Price Hotels,High-Price Hotels
4.0,4.0,0,100.0,1,23,Low-Price Hotels,Low-Price Hotels
4.55769230769231,4.5,0,100.0,17,30,Low-Price Hotels,Low-Price Hotels
4.84288537549407,5.0,0,100.0,21,24,Mid-Price Hotels,Mid-Price Hotels
4.75,5.0,0,100.0,5,15,Mid-Price Hotels,Mid-Price Hotels
4.0,4.0,0,100.0,30,25,Mid-Price Hotels,Low-Price Hotels
1.0,1.0,0,100.0,1,9,Low-Price Hotels,Low-Price Hotels
2.0,2.0,0,73.0,7,17,Low-Price Hotels,Low-Price Hotels
4.59133709981168,4.5,0,81.0,40,28,Low-Price Hotels,Low-Price Hotels
3.65384615384615,3.5,0,100.0,24,14,Mid-Price Hotels,Mid-Price Hotels
4.0,4.0,0,81.0,0,26,Low-Price Hotels,Low-Price Hotels
4.78765201122544,5.0,0,100.0,10,25,Low-Price Hotels,Low-Price Hotels
4.3,4.5,0,95.0,14,11,Mid-Price Hotels,High-Price Hotels
4.93333333333333,5.0,0,100.0,0,15,Mid-Price Hotels,Mid-Price Hotels
3.65714285714286,3.5,0,47.0,15,6,Low-Price Hotels,Low-Price Hotels
4.85,5.0,0,100.0,11,1,High-Price Hotels,High-Price Hotels
3.54782608695652,3.5,0,100.0,31,16,Mid-Price Hotels,Mid-Price Hotels
4.96551724137931,5.0,0,100.0,22,25,Mid-Price Hotels,Mid-Price Hotels
3.3,3.5,0,100.0,13,14,Mid-Price Hotels,Mid-Price Hotels
3.84905660377358,4.0,0,100.0,13,13,Mid-Price Hotels,Mid-Price Hotels
3.0,3.0,0,91.0,1,5,Mid-Price Hotels,Mid-Price Hotels
3.0,3.0,0,100.0,0,5,Mid-Price Hotels,Mid-Price Hotels
4.91774891774892,5.0,0,100.0,15,11,High-Price Hotels,High-Price Hotels
3.81443298969072,4.0,0,100.0,23,3,High-Price Hotels,High-Price Hotels
1.0,1.0,0,90.0,1,3,Low-Price Hotels,Low-Price Hotels
4.66265060240964,4.5,0,100.0,20,28,Low-Price Hotels,Low-Price Hotels
3.60802638812534,3.5,0,76.0,39,17,Mid-Price Hotels,Low-Price Hotels
4.1,4.0,0,82.0,7,22,Low-Price Hotels,Low-Price Hotels
4.2611781405252,4.5,7,100.0,41,14,High-Price Hotels,High-Price Hotels
3.125,3.0,0,100.0,2,16,Low-Price Hotels,Low-Price Hotels
4.76595744680851,5.0,0,80.0,32,12,High-Price Hotels,High-Price Hotels
4.70526315789474,4.5,0,67.0,8,8,Mid-Price Hotels,Mid-Price Hotels
4.77777777777778,5.0,0,87.0,20,28,Low-Price Hotels,Low-Price Hotels
4.5,4.5,0,100.0,1,14,Mid-Price Hotels,Mid-Price Hotels
4.83333333333333,5.0,0,100.0,35,15,High-Price Hotels,High-Price Hotels
1.0,1.0,0,90.0,2,28,Low-Price Hotels,Low-Price Hotels
4.725,4.5,0,100.0,8,24,Low-Price Hotels,Low-Price Hotels
4.67840834964123,4.5,0,100.0,72,27,High-Price Hotels,Mid-Price Hotels
3.68,3.5,0,55.0,11,30,Low-Price Hotels,Low-Price Hotels
4.39759036144578,4.5,0,100.0,14,15,Mid-Price Hotels,Mid-Price Hotels
4.45410628019324,4.5,0,100.0,25,1,High-Price Hotels,High-Price Hotels
4.08888888888889,4.0,0,100.0,9,5,High-Price Hotels,High-Price Hotels
4.78125,5.0,0,100.0,14,22,Mid-Price Hotels,Mid-Price Hotels
3.6,3.5,0,100.0,19,12,Mid-Price Hotels,Mid-Price Hotels
4.1986301369863,4.0,0,89.0,14,14,Mid-Price Hotels,Mid-Price Hotels
4.0,4.0,0,100.0,11,14,Mid-Price Hotels,Mid-Price Hotels
4.5,4.5,0,43.0,10,25,Low-Price Hotels,Low-Price Hotels
4.775,5.0,0,99.0,23,12,High-Price Hotels,High-Price Hotels
3.25,3.5,0,100.0,2,25,Low-Price Hotels,Low-Price Hotels
1.86567164179104,2.0,0,100.0,9,1,Mid-Price Hotels,Mid-Price Hotels
3.96296296296296,4.0,0,100.0,12,17,Mid-Price Hotels,Mid-Price Hotels
2.92741935483871,3.0,0,100.0,10,30,Low-Price Hotels,Low-Price Hotels
4.7906976744186,5.0,0,100.0,13,3,High-Price Hotels,High-Price Hotels
4.9375,5.0,0,84.0,20,20,Mid-Price Hotels,Low-Price Hotels
3.55555555555556,3.5,0,46.0,2,7,Low-Price Hotels,Low-Price Hotels
2.89304812834225,3.0,0,100.0,15,10,Mid-Price Hotels,Mid-Price Hotels
4.07142857142857,4.0,0,100.0,4,21,Low-Price Hotels,Low-Price Hotels
3.66666666666667,3.5,0,100.0,5,26,Low-Price Hotels,Low-Price Hotels
2.66666666666667,2.5,0,91.0,1,8,Low-Price Hotels,Mid-Price Hotels
5.0,5.0,0,100.0,27,2,High-Price Hotels,High-Price Hotels
4.57471264367816,4.5,0,89.0,10,8,High-Price Hotels,High-Price Hotels
5.0,5.0,0,100.0,0,16,Mid-Price Hotels,Mid-Price Hotels
4.82857142857143,5.0,0,100.0,18,18,Mid-Price Hotels,Mid-Price Hotels
3.5,3.5,0,100.0,0,21,Low-Price Hotels,Low-Price Hotels
4.54074074074074,4.5,0,100.0,43,7,High-Price Hotels,High-Price Hotels
4.07751937984496,4.0,0,100.0,23,27,Low-Price Hotels,Low-Price Hotels
4.375,4.5,0,100.0,2,30,Low-Price Hotels,Low-Price Hotels
3.47540983606557,3.5,0,100.0,18,5,High-Price Hotels,High-Price Hotels
3.35,3.5,0,94.0,7,13,Mid-Price Hotels,Mid-Price Hotels
4.34285714285714,4.5,0,100.0,14,13,Mid-Price Hotels,High-Price Hotels
4.70497427101201,4.5,2,100.0,33,22,Mid-Price Hotels,High-Price Hotels
3.0,3.0,0,86.0,30,18,Low-Price Hotels,Low-Price Hotels
4.0,4.0,0,100.0,0,12,Mid-Price Hotels,Mid-Price Hotels
4.31818181818182,4.5,0,100.0,8,16,Mid-Price Hotels,Mid-Price Hotels
4.64583333333333,4.5,0,99.0,28,26,Mid-Price Hotels,Mid-Price Hotels
4.53080568720379,4.5,0,100.0,29,10,High-Price Hotels,High-Price Hotels
2.2,2.0,0,100.0,0,19,Low-Price Hotels,Low-Price Hotels
4.5,4.5,0,100.0,44,6,High-Price Hotels,High-Price Hotels
4.45744680851064,4.5,0,100.0,42,7,High-Price Hotels,High-Price Hotels
3.74786324786325,3.5,0,100.0,15,5,High-Price Hotels,High-Price Hotels
4.55555555555556,4.5,0,97.0,12,22,Mid-Price Hotels,Mid-Price Hotels
4.09293680297398,4.0,0,100.0,18,26,Low-Price Hotels,Low-Price Hotels
2.75,3.0,0,71.0,0,24,Low-Price Hotels,Low-Price Hotels
4.86486486486486,5.0,0,100.0,17,18,Mid-Price Hotels,Mid-Price Hotels
3.89595375722543,4.0,0,45.0,25,5,Mid-Price Hotels,High-Price Hotels
3.953125,4.0,0,100.0,24,19,Mid-Price Hotels,Mid-Price Hotels
4.19277108433735,4.0,0,100.0,37,5,High-Price Hotels,High-Price Hotels
4.66101694915254,4.5,0,100.0,19,26,Mid-Price Hotels,Low-Price Hotels
4.48571428571429,4.5,0,100.0,18,27,Low-Price Hotels,Low-Price Hotels
4.89400921658986,5.0,0,86.0,11,3,High-Price Hotels,High-Price Hotels
2.95238095238095,3.0,0,79.0,16,23,Low-Price Hotels,Low-Price Hotels
4.68965517241379,4.5,0,100.0,13,6,High-Price Hotels,High-Price Hotels
4.5,4.5,0,100.0,0,17,Mid-Price Hotels,Mid-Price Hotels
4.78030303030303,5.0,0,100.0,21,7,High-Price Hotels,High-Price Hotels
4.80952380952381,5.0,0,81.0,18,21,Mid-Price Hotels,Low-Price Hotels
5.0,5.0,0,100.0,0,26,Low-Price Hotels,Low-Price Hotels
4.27272727272727,4.5,0,100.0,2,30,Low-Price Hotels,Low-Price Hotels
4.05263157894737,4.0,0,100.0,10,24,Low-Price Hotels,Low-Price Hotels
4.93162393162393,5.0,0,56.0,34,29,Low-Price Hotels,Low-Price Hotels
4.78289473684211,5.0,0,100.0,18,2,High-Price Hotels,High-Price Hotels
4.8,5.0,0,100.0,31,26,Mid-Price Hotels,Mid-Price Hotels
4.36486486486486,4.5,0,100.0,34,30,Low-Price Hotels,Low-Price Hotels
4.16666666666667,4.0,0,100.0,11,12,Mid-Price Hotels,Mid-Price Hotels
3.54887218045113,3.5,0,100.0,27,8,High-Price Hotels,High-Price Hotels
3.85714285714286,4.0,0,100.0,27,11,High-Price Hotels,Mid-Price Hotels
5.0,5.0,0,100.0,35,25,Mid-Price Hotels,Mid-Price Hotels
5.0,5.0,0,100.0,3,19,Mid-Price Hotels,Mid-Price Hotels
5.0,5.0,0,39.0,10,15,Low-Price Hotels,Low-Price Hotels
2.77777777777778,3.0,0,76.0,10,7,Low-Price Hotels,Mid-Price Hotels
4.64705882352941,4.5,0,100.0,11,1,High-Price Hotels,High-Price Hotels
4.35661764705882,4.5,0,64.0,30,30,Low-Price Hotels,Low-Price Hotels
4.81081081081081,5.0,0,100.0,26,10,High-Price Hotels,High-Price Hotels
3.81275221953188,4.0,9,100.0,37,16,High-Price Hotels,Mid-Price Hotels
2.83333333333333,3.0,0,100.0,10,22,Low-Price Hotels,Low-Price Hotels
3.74285714285714,3.5,0,100.0,8,8,Mid-Price Hotels,Mid-Price Hotels
3.22222222222222,3.0,0,100.0,17,18,Low-Price Hotels,Low-Price Hotels
2.0,2.0,0,100.0,0,8,Low-Price Hotels,Low-Price Hotels
2.25291828793774,2.5,0,100.0,7,15,Low-Price Hotels,Low-Price Hotels
4.6734693877551,4.5,0,100.0,41,9,High-Price Hotels,High-Price Hotels
1.0,1.0,0,100.0,0,13,Low-Price Hotels,Low-Price Hotels
4.7906976744186,5.0,0,37.0,28,28,Low-Price Hotels,Mid-Price Hotels
4.17253521126761,4.0,0,100.0,26,5,High-Price Hotels,High-Price Hotels
1.0,1.0,0,73.0,11,1,Low-Price Hotels,Low-Price Hotels
4.52122641509434,4.5,3,100.0,35,30,Mid-Price Hotels,Mid-Price Hotels
4.23684210526316,4.0,0,100.0,22,25,Low-Price Hotels,Low-Price Hotels
4.56,4.5,0,100.0,18,25,Mid-Price Hotels,Mid-Price Hotels
4.59701492537313,4.5,0,100.0,14,24,Mid-Price Hotels,Mid-Price Hotels
4.07970112079701,4.0,0,100.0,15,18,Mid-Price Hotels,Mid-Price Hotels
3.32876712328767,3.5,0,100.0,30,22,Low-Price Hotels,Low-Price Hotels
4.6,4.5,0,100.0,6,4,High-Price Hotels,High-Price Hotels
4.11940298507463,4.0,0,100.0,21,5,High-Price Hotels,High-Price Hotels
4.55789473684211,4.5,0,100.0,33,13,High-Price Hotels,High-Price Hotels
4.22222222222222,4.0,0,100.0,6,9,High-Price Hotels,Mid-Price Hotels
5.0,5.0,0,92.0,0,16,Mid-Price Hotels,Mid-Price Hotels
4.23222748815166,4.0,0,100.0,27,24,Mid-Price Hotels,Mid-Price Hotels
4.0,4.0,0,93.0,10,9,Mid-Price Hotels,High-Price Hotels
4.48148148148148,4.5,0,100.0,46,12,High-Price Hotels,High-Price Hotels
3.84444444444444,4.0,0,100.0,42,9,High-Price Hotels,High-Price Hotels
3.82901554404145,4.0,0,54.0,35,12,Low-Price Hotels,Mid-Price Hotels
4.34210526315789,4.5,0,100.0,15,15,Mid-Price Hotels,Mid-Price Hotels
3.78080295339179,4.0,5,100.0,37,17,High-Price Hotels,Mid-Price Hotels
2.688,2.5,0,66.0,23,3,Mid-Price Hotels,Low-Price Hotels
4.81318681318681,5.0,0,100.0,31,11,High-Price Hotels,High-Price Hotels
4.8968253968254,5.0,0,100.0,13,7,High-Price Hotels,High-Price Hotels
3.33333333333333,3.5,0,41.0,0,15,Low-Price Hotels,Low-Price Hotels
4.89285714285714,5.0,0,98.0,18,8,High-Price Hotels,High-Price Hotels
4.0,4.0,0,100.0,8,7,High-Price Hotels,Mid-Price Hotels
3.0,3.0,0,41.0,4,1,Low-Price Hotels,Low-Price Hotels
4.01162790697674,4.0,0,44.0,46,4,Mid-Price Hotels,High-Price Hotels
4.38235294117647,4.5,0,70.0,8,7,Mid-Price Hotels,Mid-Price Hotels
4.61971830985915,4.5,0,100.0,23,24,Mid-Price Hotels,Mid-Price Hotels
4.625,4.5,0,97.0,0,16,Mid-Price Hotels,Low-Price Hotels
5.0,5.0,0,38.0,19,4,Mid-Price Hotels,Mid-Price Hotels
3.62727272727273,3.5,0,75.0,43,22,Low-Price Hotels,Low-Price Hotels
4.64705882352941,4.5,0,87.0,5,16,Mid-Price Hotels,Mid-Price Hotels
4.10714285714286,4.0,0,100.0,6,7,High-Price Hotels,High-Price Hotels
3.46666666666667,3.5,0,100.0,25,24,Low-Price Hotels,Low-Price Hotels
4.63529411764706,4.5,0,100.0,23,27,Mid-Price Hotels,Mid-Price Hotels
2.33333333333333,2.5,0,100.0,23,18,Low-Price Hotels,Low-Price Hotels
4.35756385068762,4.5,0,98.0,21,6,High-Price Hotels,High-Price Hotels
3.37011494252874,3.5,0,100.0,44,25,Mid-Price Hotels,Low-Price Hotels
3.27272727272727,3.5,0,100.0,16,17,Mid-Price Hotels,Low-Price Hotels
4.6875,4.5,0,100.0,12,29,Low-Price Hotels,Low-Price Hotels
4.0,4.0,0,100.0,4,5,High-Price Hotels,High-Price Hotels
4.06078665077473,4.0,0,100.0,24,5,High-Price Hotels,High-Price Hotels
4.57142857142857,4.5,0,100.0,18,9,High-Price Hotels,High-Price Hotels
5.0,5.0,0,100.0,14,21,Mid-Price Hotels,Mid-Price Hotels
4.46341463414634,4.5,0,100.0,16,16,Mid-Price Hotels,Mid-Price Hotels
4.07407407407407,4.0,0,100.0,15,18,Mid-Price Hotels,Mid-Price Hotels
5.0,5.0,0,100.0,1,22,Mid-Price Hotels,Mid-Price Hotels
4.04670599803343,4.0,6,100.0,39,7,High-Price Hotels,High-Price Hotels
5.0,5.0,0,88.0,1,12,Mid-Price Hotels,Mid-Price Hotels
5.0,5.0,0,100.0,13,11,High-Price Hotels,High-Price Hotels
4.45454545454545,4.5,0,99.0,27,5,High-Price Hotels,High-Price Hotels
3.94343065693431,4.0,0,100.0,22,16,Mid-Price Hotels,Mid-Price Hotels
4.7,4.5,0,97.0,38,19,High-Price Hotels,High-Price Hotels
3.70833333333333,3.5,0,86.0,1,5,Mid-Price Hotels,Mid-Price Hotels
4.10773480662983,4.0,0,100.0,29,6,High-Price Hotels,High-Price Hotels
4.38666666666667,4.5,0,96.0,60,17,High-Price Hotels,High-Price Hotels
5.0,5.0,0,100.0,0,23,Mid-Price Hotels,Mid-Price Hotels
5.0,5.0,0,100.0,0,30,Low-Price Hotels,Low-Price Hotels
3.0,3.0,0,100.0,45,1,High-Price Hotels,High-Price Hotels
4.74545454545455,4.5,0,100.0,25,20,Mid-Price Hotels,Mid-Price Hotels
4.45,4.5,0,100.0,21,21,Mid-Price Hotels,Mid-Price Hotels
3.82926829268293,4.0,0,100.0,25,17,Mid-Price Hotels,Mid-Price Hotels
2.58333333333333,2.5,0,100.0,9,8,Mid-Price Hotels,Mid-Price Hotels
4.13207547169811,4.0,0,89.0,27,2,High-Price Hotels,High-Price Hotels
4.72340425531915,4.5,0,100.0,7,25,Low-Price Hotels,Low-Price Hotels
4.86486486486486,5.0,0,100.0,27,9,High-Price Hotels,High-Price Hotels
4.375,4.5,0,96.0,16,2,High-Price Hotels,High-Price Hotels
1.33333333333333,1.5,0,100.0,0,30,Low-Price Hotels,Low-Price Hotels
1.0,1.0,0,100.0,28,21,Low-Price Hotels,Low-Price Hotels
4.41121495327103,4.5,0,100.0,42,19,High-Price Hotels,Mid-Price Hotels
1.75,2.0,0,55.0,0,19,Low-Price Hotels,Low-Price Hotels
4.6875,4.5,0,99.0,15,24,Mid-Price Hotels,Mid-Price Hotels
4.25,4.5,0,100.0,8,12,Mid-Price Hotels,High-Price Hotels
5.0,5.0,0,100.0,0,23,Mid-Price Hotels,Mid-Price Hotels
4.32905982905983,4.5,0,100.0,17,11,High-Price Hotels,High-Price Hotels
4.66666666666667,4.5,0,100.0,13,18,Mid-Price Hotels,Mid-Price Hotels
4.94117647058824,5.0,0,100.0,25,15,High-Price Hotels,High-Price Hotels
2.41666666666667,2.5,0,100.0,18,29,Low-Price Hotels,Low-Price Hotels
4.0,4.0,0,100.0,0,3,High-Price Hotels,High-Price Hotels
4.6140350877193,4.5,0,91.0,14,24,Low-Price Hotels,Low-Price Hotels
4.17391304347826,4.0,0,100.0,3,14,Mid-Price Hotels,Mid-Price Hotels
4.66666666666667,4.5,0,100.0,10,7,High-Price Hotels,High-Price Hotels
1.75,2.0,0,100.0,3,18,Low-Price Hotels,Low-Price Hotels
3.75,4.0,0,80.0,4,6,Mid-Price Hotels,Mid-Price Hotels
4.5,4.5,0,100.0,19,3,High-Price Hotels,High-Price Hotels
4.57792207792208,4.5,0,100.0,44,16,High-Price Hotels,High-Price Hotels
4.10732984293194,4.0,0,100.0,17,12,Mid-Price Hotels,High-Price Hotels
4.0,4.0,0,85.0,20,23,Low-Price Hotels,Low-Price Hotels
4.52380952380952,4.5,0,81.0,27,22,Mid-Price Hotels,Mid-Price Hotels
4.1875,4.0,0,100.0,17,12,High-Price Hotels,High-Price Hotels
3.14285714285714,3.0,0,100.0,14,12,Mid-Price Hotels,Mid-Price Hotels
2.0,2.0,0,100.0,0,2,Mid-Price Hotels,Mid-Price Hotels
4.13888888888889,4.0,0,100.0,2,8,High-Price Hotels,Mid-Price Hotels
2.80769230769231,3.0,0,100.0,11,11,Mid-Price Hotels,Mid-Price Hotels
4.24444444444444,4.0,0,40.0,37,4,Mid-Price Hotels,High-Price Hotels
4.15254237288136,4.0,0,100.0,34,11,High-Price Hotels,High-Price Hotels
4.6,4.5,0,100.0,27,26,Mid-Price Hotels,Mid-Price Hotels
4.6,4.5,0,61.0,49,28,Low-Price Hotels,Low-Price Hotels
3.91731669266771,4.0,0,100.0,13,13,Mid-Price Hotels,Mid-Price Hotels
3.2,3.0,0,100.0,1,21,Low-Price Hotels,Low-Price Hotels
3.0,3.0,0,100.0,0,10,Mid-Price Hotels,Mid-Price Hotels
5.0,5.0,0,100.0,3,5,High-Price Hotels,High-Price Hotels
4.4364406779661,4.5,0,100.0,22,29,Low-Price Hotels,Low-Price Hotels
4.0,4.0,0,87.0,16,13,Mid-Price Hotels,Mid-Price Hotels
3.6,3.5,0,100.0,6,13,Mid-Price Hotels,Mid-Price Hotels
4.75,5.0,0,82.0,33,18,Mid-Price Hotels,Mid-Price Hotels
4.27272727272727,4.5,0,100.0,27,8,High-Price Hotels,High-Price Hotels
3.44660194174757,3.5,0,100.0,24,28,Low-Price Hotels,Low-Price Hotels
3.75,4.0,0,100.0,2,6,Mid-Price Hotels,Mid-Price Hotels
2.66666666666667,2.5,0,100.0,1,27,Low-Price Hotels,Low-Price Hotels
4.0,4.0,0,100.0,0,20,Low-Price Hotels,Low-Price Hotels
4.71794871794872,4.5,0,98.0,24,15,High-Price Hotels,High-Price Hotels
2.66666666666667,2.5,0,100.0,14,24,Low-Price Hotels,Low-Price Hotels
4.2,4.0,0,47.0,6,5,Low-Price Hotels,Mid-Price Hotels
3.96551724137931,4.0,0,100.0,31,28,Low-Price Hotels,Low-Price Hotels
3.66666666666667,3.5,0,100.0,23,11,Mid-Price Hotels,Mid-Price Hotels
4.43362831858407,4.5,0,100.0,25,23,Mid-Price Hotels,Mid-Price Hotels
3.70588235294118,3.5,0,100.0,25,5,High-Price Hotels,High-Price Hotels
4.53846153846154,4.5,0,87.0,21,3,High-Price Hotels,High-Price Hotels
4.3386524822695,4.5,4,100.0,31,4,High-Price Hotels,High-Price Hotels
